sku,group_id,name,url,price,in_stock,image_url,categories,dy_display_price
1,1,Travel Lock TSA-Approved Combo,/product/travel-lock-tsa-approved-combination-bag-tool-box-8/,55,true,/img/products/travel_lock_tsa-approved_combination_bag_tool_box_8_2_.png,Travel Packs|Backpacks|For You,55
2,2,Mygreen TSA Approved Coded Lock,/product/mygreen-tsa-approved-coded-lock-travel-belt-stripe/,66,true,/img/products/mygreen_tsa_approved_coded_lock_travel_belt_stripe_7_1_.png,Gear|Travel Packs|Backpacks|For You,66
3,3,Luxury Leather Trifold Wallets,/product/luxury-leather-trifold-wallets-for-credit-cards/,76,true,/img/products/luxury_leather_trifold_wallets_credit_cards_7_3_.png,Gear|Travel Packs|Backpacks|For You,76
4,4,Journey's Edge Swiss Everything,/product/journey-s-edge-swiss-everything-pocket-tool-multi-knife/,120,true,/img/products/journey_s_edge_swiss_everything_pocket_tool_multi_knife_11_.png,Gear|Travel Packs|Backpacks|For You,120
5,5,TSA Lock Adjustable Travel Luggage,/product/tsa-lock-adjustable-travel-luggage-strap-belt-for-bags-suitcases/,77,true,/img/products/tsa_lock_adjustable_travel_luggage_strap_belt_for_bags_suitcases_1.png,Gear|Backpacks|For You,77
6,6,Visconti Soft Leather Passport Cover,/product/visconti-soft-leather-passport-cover-polo/,312,true,/img/products/visconti_soft_leather_passport_cover_-_polo_2201_1.png,Gear|Travel Packs|Backpacks|For You,312
7,7,WODISON Transparent Clear Hanging,/product/wodison-transparent-clear-hanging-travel-organizer-storage-bag/,36,true,/img/products/wodison_transparent_clear_hanging_travel_organizer_storage_bag_1_.png,Gear|Travel Packs|Backpacks|For You,36
8,8,Passport Holder & Travel Document,/product/passport-holder-travel-document-organizer/,88,true,/img/products/passport_holder_travel_document_organizer_1_.png,Gear|Travel Packs|Backpacks|For You,88
9,9,LoveHome Innovative Travel Neck Pillow,/product/lovehome-innovative-travel-neck-pillow-neck-support-pillow/,55,true,/img/products/lovehome_innovative_travel_neck_pillow_neck_support_pillow_1.png,Gear|Travel Packs|Backpacks|For You,55
10,10,Eagle Creek Travel Gear Neck Love Pillow,/product/eagle-creek-travel-gear-neck-love-pillow/,100,true,/img/products/eagle_creek_travel_gear_neck_love_pillow_1.png,Gear|Travel Packs|Backpacks|For You,100
11,11,Alpsy Travel Wallet Undercover,/product/alpsy-travel-wallet-undercover-money-belt-secure-waist-pack-hidden-pouch/,154,true,/img/products/alpsy_travel_wallet_undercover_money_belt_pouch_10_1_.png,Gear|Travel Packs|For You,154
14,14,BUBM Universal Double Layer Travel Gear,/product/bubm-universal-double-layer-travel-gear-organizer/,64,true,/img/products/bubm_universal_double_layer_travel_gear_organizer_1.png,Gear|Travel Packs|Backpacks|For You,64
15,15,Bingonia  BEST RATED Packing Cubes,/product/bingonia-best-rated-packing-cubes-for-travel-organizer/,120,true,/img/products/bingonia_best_rated_packing_cubes_for_travel_organizer_8_1_.png,Gear|Travel Packs|Backpacks|For You,120
16,16,6 1/2 ct Swiss Blue Topaz Ring,/product/6-1-2-ct-swiss-blue-topaz-ring/,549,true,/img/products/esn3216bbsbjp.jpg,Jewelry,549
17,17,1/4 ct Diamond Butterfly Pendant,/product/1-4-ct-diamond-butterfly-pendant/,599,true,/img/products/esrb5742q37pn-18si.jpg,Jewelry,599
18,18,Swiss Blue Topaz & 1/3 ct Diamond,/product/swiss-blue-topaz-1-3-ct-diamond-swirl-ring/,549,true,/img/products/sm23223lbs-hlzp.jpg,Jewelry,549
19,19,1 ct Black Diamond Stud Earrings,/product/6143/,359,true,/img/products/ke0100-51blk.jpg,Jewelry,359
20,20,Palm Tree Charm with Blue Diamonds,/product/6144/,179,true,/img/products/esn5531g7fhz.jpg,Jewelry,179
21,21,Nucleated Baroque Pearl & White Quartz,/product/6145/,365,true,/img/products/lb5571wh.jpg,Jewelry,365
22,22,Beaded Heart Necklace,/product/6146/,179,true,/img/products/bmf2006b18.jpg,Jewelry,179
23,23,Frog Pendant with Swarovski Crystals,/product/6147/,89,true,/img/products/scp011539sm118.jpg,Jewelry,89
24,24,Triple Drop Pendant with Swarovski,/product/6148/,179,true,/img/products/1400401.jpg,Jewelry,179
25,25,1 1/8 ct Ruby Pendant,/product/6149/,599,true,/img/products/rf4136rn1c18.jpg,Jewelry,599
26,26,Pearl Bead Bracelet with Swarovski,/product/6150/,129,true,/img/products/stb2147wh.jpg,Jewelry,129
27,27,Layered Circle & Wishbone Pendant,/product/6151/,359,true,/img/products/frf001526y17.jpg,Jewelry,359
28,28,1/2 ct Diamond Earrings,/product/6152/,2099,true,/img/products/e1012004w050.jpg,Jewelry,2099
29,29,Lavender Three Row Bracelet,/product/6153/,299,true,/img/products/3666000l2162.jpg,Jewelry,299
30,30,1/10 ct Diamond Heart Pendant,/product/6154/,239,true,/img/products/sm55043fc18.jpg,Jewelry,239
31,31,1/2 ct Diamond Anniversary Ring,/product/6155/,2999,true,/img/products/ly39534p.jpg,Jewelry,2999
32,32,Pearl Flower Ring with Diamonds,/product/6156/,179,true,/img/products/esw1584apf2ep.jpg,Jewelry,179
33,33,3/8 ct Sapphire & 1/10 ct Diamond,/product/6157/,699,true,/img/products/m53832fkskwche.jpg,Jewelry,699
34,34,16 Function Folding Pocket Knife,/product/16-function-folding-pocket-knife-with-army-green-rubber-grip/,95,true,/img/products/16_function_folding_pocket_knife_with_army_green_rubber_grip_2_.png,Gear|Travel Packs|Backpacks|For You,95
